{"IcoMoonType":"selection","icons":[{"icon":{"paths":["M204.8 0h204.8v204.8h-204.8v-204.8zM614.4 409.6v-204.8h-204.8v204.8h204.8zM614.4 614.4v-204.8h204.8v204.8h-204.8zM409.6 819.2h204.8v-204.8h-204.8v204.8zM409.6 819.2v204.8h-204.8v-204.8h204.8z"],"attrs":[],"grid":0,"tags":["cubic-arrow-right"]},"attrs":[],"properties":{"order":16,"id":6,"name":"cubic-arrow-right","prevSize":32,"code":59648},"setIdx":0,"setId":3,"iconIdx":0},{"icon":{"paths":["M485.053 80.842h-161.684v161.684h161.684v-161.684zM161.684 404.211v-161.684h161.684v161.684h660.631v161.684h-660.631l242.526 242.526-114.328 114.327-356.997-356.996-94.57-80.7v-80.842h161.684z"],"attrs":[],"grid":0,"tags":["cubic-nav-arrow-left"]},"attrs":[],"properties":{"order":17,"id":5,"name":"cubic-nav-arrow-left","prevSize":32,"code":59649},"setIdx":0,"setId":3,"iconIdx":1},{"icon":{"paths":["M512 192h128v128h-128v-128zM768 448v-128h-128v128h-523v128h523l-192 192 90.509 90.509 282.624-282.62 74.867-63.889v-64h-128z"],"attrs":[],"grid":0,"tags":["cubic-nav-arrow-right"]},"attrs":[],"properties":{"order":18,"id":4,"name":"cubic-nav-arrow-right","prevSize":32,"code":59650},"setIdx":0,"setId":3,"iconIdx":2},{"icon":{"paths":["M616.001 997.053h-161.685v-404.211h-404.211v-161.684h404.211v-404.211h161.685v404.211h-161.685v161.684h161.685v404.211zM616.001 592.842v-161.684h404.211v161.684h-404.211z"],"attrs":[],"grid":0,"tags":["cubic-plus"]},"attrs":[],"properties":{"order":19,"id":3,"name":"cubic-plus","prevSize":32,"code":59651},"setIdx":0,"setId":3,"iconIdx":3},{"icon":{"paths":["M0 0h512v512h-512v-512z","M512 512h512v512h-512v-512z"],"attrs":[],"grid":0,"tags":["dark-theme"]},"attrs":[],"properties":{"order":20,"id":2,"name":"dark-theme","prevSize":32,"code":59652},"setIdx":0,"setId":3,"iconIdx":4},{"icon":{"paths":["M0 0v512h512v-512zM64 64h384v384h-384z","M640 128v256h256v-256zM704 192h128v128h-128z","M128 640v256h256v-256zM192 704h128v128h-128z","M512 512v512h512v-512zM576 576h384v384h-384z"],"attrs":[],"grid":0,"tags":["light-theme"]},"attrs":[],"properties":{"order":21,"id":1,"name":"light-theme","prevSize":32,"code":59653},"setIdx":0,"setId":3,"iconIdx":5},{"icon":{"paths":["M138.667 232l-106.667 133.333 480 384 480-384-106.667-133.333-373.333 298.667z"],"attrs":[],"grid":0,"tags":["nav-check-arrow"]},"attrs":[],"properties":{"order":22,"id":0,"name":"nav-check-arrow","prevSize":32,"code":59654},"setIdx":0,"setId":3,"iconIdx":6}],"height":1024,"metadata":{"name":"icomoon"},"preferences":{"showGlyphs":true,"showQuickUse":true,"showQuickUse2":true,"showSVGs":true,"fontPref":{"prefix":"icon-","metadata":{"fontFamily":"icomoon"},"metrics":{"emSize":1024,"baseline":6.25,"whitespace":50},"embed":false},"imagePref":{"prefix":"icon-","png":true,"useClassSelector":true,"color":0,"bgColor":16777215,"classSelector":".icon"},"historySize":50,"showCodes":true,"gridSize":16}}